AÃ±o,Trimestre,Provincia,Accesos telefonia fija (total),Accesos telefonia fija (hogares),Accesos telefonia fija (comercial),Accesos telefonia fija (gobierno),Accesos telefonia fija (otros)
2022,4,Buenos Aires,3128431,2802796,264038,12029,49568
2022,4,Capital Federal,1563142,1400437,131928,601,24767
2022,4,Catamarca,25083,22473,2117,960,3970
2022,4,Chaco,64683,57950,5459,2490,1025
2022,4,Chubut,54249,48601,4579,2090,8600
2022,4,CÃ³rdoba,495095,443560,41786,1904,7845
2022,4,Corrientes,89013,79748,7513,3420,141
2022,4,Entre RÃ­os,160151,143480,13517,6160,2538
2022,4,Formosa,35186,31523,297,1350,5580
2022,4,Jujuy,35655,31944,3009,1370,5650
2022,4,La Pampa,66351,59445,56,2550,1051
2022,4,La Rioja,25586,22924,2159,980,4050
2022,4,Mendoza,162938,145977,13752,6270,2582
2022,4,Misiones,76346,68398,6444,2940,121
2022,4,NeuquÃ©n,68693,61543,5798,2640,1088
2022,4,RÃ­o Negro,67359,60348,5685,2590,1067
2022,4,Salta,86362,77373,7289,3320,1368
2022,4,San Juan,52803,47306,4457,2030,8370
2022,4,San Luis,27706,24822,2338,1070,4390
2022,4,Santa Cruz,22986,20594,194,880,3640
2022,4,Santa Fe,490492,439437,41397,1886,7772
2022,4,Santiago del Estero,64909,58153,5478,2500,1028
2022,4,Tierra del Fuego,14833,13289,1252,570,2350
2022,4,TucumÃ¡n,162823,145875,13742,6260,258
2022,3,Buenos Aires,3116760,2791694,26504,11756,4827
2022,3,Capital Federal,1567975,1404441,133336,5914,24284
2022,3,Catamarca,25646,22971,2181,970,3970
2022,3,Chaco,65551,58715,5574,2470,1015
2022,3,Chubut,58697,52576,4991,2210,9090
2022,3,CÃ³rdoba,486942,436156,41408,1837,7541
2022,3,Corrientes,89977,80594,7651,3390,1393
2022,3,Entre RÃ­os,157201,140805,13368,5930,2435
2022,3,Formosa,35254,31577,2998,1330,5460
2022,3,Jujuy,36008,32252,3062,1360,5580
2022,3,La Pampa,66212,59307,563,2500,1025
2022,3,La Rioja,25447,22793,2164,960,3940
2022,3,Mendoza,138458,124018,11774,5220,2144
2022,3,Misiones,76605,68616,6514,2890,1186
2022,3,NeuquÃ©n,73079,65457,6214,2760,1132
2022,3,RÃ­o Negro,65111,58320,5537,2460,1008
2022,3,Salta,87776,78622,7464,3310,1359
2022,3,San Juan,60588,54269,5152,2290,9380
2022,3,San Luis,25373,22726,2158,960,3930
2022,3,Santa Cruz,22797,20419,1939,860,3530
2022,3,Santa Fe,497685,445778,42322,1877,7708
2022,3,Santiago del Estero,62622,56091,5325,2360,9700
2022,3,Tierra del Fuego,19122,17128,1626,720,2960
2022,3,TucumÃ¡n,163764,146684,13926,6180,2536
2022,2,Buenos Aires,3128431,2802796,264038,12029,49568
2022,2,Capital Federal,1563142,1400437,131928,601,24767
2022,2,Catamarca,25083,22473,2117,960,3970
2022,2,Chaco,64683,57950,5459,2490,1025
2022,2,Chubut,54249,48601,4579,2090,8600
2022,2,CÃ³rdoba,495095,443560,41786,1904,7845
2022,2,Corrientes,89013,79748,7513,3420,141
2022,2,Entre RÃ­os,160151,143480,13517,6160,2538
2022,2,Formosa,35186,31523,297,1350,5580
2022,2,Jujuy,35655,31944,3009,1370,5650
2022,2,La Pampa,66351,59445,56,2550,1051
2022,2,La Rioja,25586,22924,2159,980,4050
2022,2,Mendoza,162938,145977,13752,6270,2582
2022,2,Misiones,76346,68398,6444,2940,121
2022,2,NeuquÃ©n,68693,61543,5798,2640,1088
2022,2,RÃ­o Negro,67359,60348,5685,2590,1067
2022,2,Salta,86362,77373,7289,3320,1368
2022,2,San Juan,52803,47306,4457,2030,8370
2022,2,San Luis,27706,24822,2338,1070,4390
2022,2,Santa Cruz,22986,20594,194,880,3640
2022,2,Santa Fe,490492,439437,41397,1886,7772
2022,2,Santiago del Estero,64909,58153,5478,2500,1028
2022,2,Tierra del Fuego,14833,13289,1252,570,2350
2022,2,TucumÃ¡n,162823,145875,13742,6260,258
2022,1,Buenos Aires,3062075,2735498,266125,11364,49088
2022,1,Capital Federal,1432318,1279557,124483,5316,22962
2022,1,Catamarca,30156,26940,2621,1120,4830
2022,1,Chaco,84821,75774,7372,3150,136
2022,1,Chubut,61117,54598,5312,2270,9800
2022,1,CÃ³rdoba,578691,516972,50294,2148,9277
2022,1,Corrientes,88933,79448,7729,3300,1426
2022,1,Entre RÃ­os,189614,169391,16479,7040,304
2022,1,Formosa,33824,30216,294,1260,5420
2022,1,Jujuy,48682,43490,4231,1810,7800
2022,1,La Pampa,68620,61301,5964,2550,11
2022,1,La Rioja,27488,24556,2389,1020,4410
2022,1,Mendoza,163637,146185,14222,6070,2623
2022,1,Misiones,91333,81592,7938,3390,1464
2022,1,NeuquÃ©n,65843,58821,5722,2440,1056
2022,1,RÃ­o Negro,71369,63757,6203,2650,1144
2022,1,Salta,109054,97423,9478,4050,1748
2022,1,San Juan,62767,56073,5455,2330,1006
2022,1,San Luis,30071,26864,2613,1120,4820
2022,1,Santa Cruz,23766,21232,2065,880,3810
2022,1,Santa Fe,628606,561564,54632,2333,10077
2022,1,Santiago del Estero,67503,60303,5867,2510,1082
2022,1,Tierra del Fuego,17966,16050,1561,670,2880
2022,1,TucumÃ¡n,184951,165226,16074,6860,2965
2021,4,Buenos Aires,3313370,3012453,234051,14886,5198
2021,4,Capital Federal,1439097,1308400,101656,6465,22576
2021,4,Catamarca,29635,26944,2093,1330,4650
2021,4,Chaco,90829,82580,6416,4080,1425
2021,4,Chubut,68209,62015,4818,3060,107
2021,4,CÃ³rdoba,583715,530703,41233,2622,9157
2021,4,Corrientes,97971,89073,6921,4400,1537
2021,4,Entre RÃ­os,207536,188688,1466,9320,3256
2021,4,Formosa,36411,33104,2572,1640,5710
2021,4,Jujuy,44258,40239,3126,1990,6940
2021,4,La Pampa,71751,65235,5068,3220,1126
2021,4,La Rioja,26765,24334,1891,1200,4200
2021,4,Mendoza,204522,185947,14447,9190,3209
2021,4,Misiones,98622,89666,6966,4430,1547
2021,4,NeuquÃ©n,72616,66022,5129,3260,1139
2021,4,RÃ­o Negro,86287,78450,6095,3880,1354
2021,4,Salta,120291,109367,8497,5400,1887
2021,4,San Juan,66631,60580,4707,2990,1045
2021,4,San Luis,33020,30022,2332,1480,5180
2021,4,Santa Cruz,27740,25220,196,1250,4350
2021,4,Santa Fe,655796,596238,46324,2946,10288
2021,4,Santiago del Estero,66649,60596,4708,2990,1046
2021,4,Tierra del Fuego,18937,17217,1338,850,2970
2021,4,TucumÃ¡n,165702,150653,11705,7440,26
2021,3,Buenos Aires,3164518,2852029,242423,15465,54601
2021,3,Capital Federal,1367485,1232448,104759,6683,23595
2021,3,Catamarca,24683,22245,1891,1210,4260
2021,3,Chaco,73770,66485,5651,3610,1273
2021,3,Chubut,73086,65869,5599,3570,1261
2021,3,CÃ³rdoba,484017,436222,37079,2365,8351
2021,3,Corrientes,78053,70346,5979,3810,1347
2021,3,Entre RÃ­os,164023,147826,12565,8020,283
2021,3,Formosa,30471,27462,2334,1490,5260
2021,3,Jujuy,35160,31688,2693,1720,6070
2021,3,La Pampa,71728,64644,5495,3510,1238
2021,3,La Rioja,21614,19479,1656,1060,3730
2021,3,Mendoza,196028,176671,15017,9580,3382
2021,3,Misiones,78868,71080,6042,3850,1361
2021,3,NeuquÃ©n,74203,66876,5684,3630,128
2021,3,RÃ­o Negro,83724,75456,6414,4090,1445
2021,3,Salta,93818,84554,7187,4580,1619
2021,3,San Juan,74837,67447,5733,3660,1291
2021,3,San Luis,34431,31031,2638,1680,5940
2021,3,Santa Cruz,26961,24299,2065,1320,4650
2021,3,Santa Fe,539814,486509,41353,2638,9314
2021,3,Santiago del Estero,57376,51711,4395,2800,9900
2021,3,Tierra del Fuego,21573,19443,1653,1050,3720
2021,3,TucumÃ¡n,133062,119923,10193,6500,2296
2021,2,Buenos Aires,3313370,3012453,234051,14886,5198
2021,2,Capital Federal,1439097,1308400,101656,6465,22576
2021,2,Catamarca,29635,26944,2093,1330,4650
2021,2,Chaco,90829,82580,6416,4080,1425
2021,2,Chubut,68209,62015,4818,3060,107
2021,2,CÃ³rdoba,583715,530703,41233,2622,9157
2021,2,Corrientes,97971,89073,6921,4400,1537
2021,2,Entre RÃ­os,207536,188688,1466,9320,3256
2021,2,Formosa,36411,33104,2572,1640,5710
2021,2,Jujuy,44258,40239,3126,1990,6940
2021,2,La Pampa,71751,65235,5068,3220,1126
2021,2,La Rioja,26765,24334,1891,1200,4200
2021,2,Mendoza,204522,185947,14447,9190,3209
2021,2,Misiones,98622,89666,6966,4430,1547
2021,2,NeuquÃ©n,72616,66022,5129,3260,1139
2021,2,RÃ­o Negro,86287,78450,6095,3880,1354
2021,2,Salta,120291,109367,8497,5400,1887
2021,2,San Juan,66631,60580,4707,2990,1045
2021,2,San Luis,33020,30022,2332,1480,5180
2021,2,Santa Cruz,27740,25220,196,1250,4350
2021,2,Santa Fe,655796,596238,46324,2946,10288
2021,2,Santiago del Estero,66649,60596,4708,2990,1046
2021,2,Tierra del Fuego,18937,17217,1338,850,2970
2021,2,TucumÃ¡n,165702,150653,11705,7440,26
2021,1,Buenos Aires,3203761,2874157,247958,15146,665
2021,1,Capital Federal,1395627,1252044,108016,6598,28969
2021,1,Catamarca,26597,23860,2059,1260,5520
2021,1,Chaco,75834,68032,5869,3590,1574
2021,1,Chubut,73068,65551,5655,3450,1517
2021,1,CÃ³rdoba,523748,469865,40536,2476,10871
2021,1,Corrientes,78850,70737,6103,3730,1637
2021,1,Entre RÃ­os,168446,151117,13037,7960,3496
2021,1,Formosa,31265,28048,242,1480,6490
2021,1,Jujuy,42953,38534,3324,2030,8920
2021,1,La Pampa,71152,63832,5507,3360,1477
2021,1,La Rioja,24254,21759,1877,1150,5030
2021,1,Mendoza,196315,176118,15194,9280,4075
2021,1,Misiones,82076,73632,6352,3880,1704
2021,1,NeuquÃ©n,74404,66749,5759,3520,1544
2021,1,RÃ­o Negro,82669,74164,6398,3910,1716
2021,1,Salta,96214,86315,7447,4550,1997
2021,1,San Juan,74837,67138,5792,3540,1553
2021,1,San Luis,34431,30888,2665,1630,7150
2021,1,Santa Cruz,26930,24160,2084,1270,5590
2021,1,Santa Fe,570118,511464,44125,2695,11834
2021,1,Santiago del Estero,62157,55762,4811,2940,129
2021,1,Tierra del Fuego,21573,19353,167,1020,4480
2021,1,TucumÃ¡n,163185,146397,1263,7710,3387
2020,4,Buenos Aires,3232457,2906464,254292,14992,56709
2020,4,Capital Federal,1423882,1280284,112014,6604,2498
2020,4,Catamarca,33525,30145,2637,1550,5880
2020,4,Chaco,81113,72933,6381,3760,1423
2020,4,Chubut,73019,65655,5744,3390,1281
2020,4,CÃ³rdoba,535102,481136,42096,2482,9388
2020,4,Corrientes,85319,76714,6712,3960,1497
2020,4,Entre RÃ­os,178988,160937,14081,8300,314
2020,4,Formosa,34057,30623,2679,1580,5970
2020,4,Jujuy,45686,41079,3594,2120,8010
2020,4,La Pampa,70628,63505,5556,3280,1239
2020,4,La Rioja,29306,26351,2305,1360,5140
2020,4,Mendoza,196388,176583,15449,9110,3445
2020,4,Misiones,85762,77112,6747,3980,1505
2020,4,NeuquÃ©n,74546,67028,5864,3460,1308
2020,4,RÃ­o Negro,84513,75990,6648,3920,1483
2020,4,Salta,101610,91363,7993,4710,1783
2020,4,San Juan,74837,67290,5887,3470,1313
2020,4,San Luis,34431,30958,2709,1600,6040
2020,4,Santa Cruz,27239,24492,2143,1260,4780
2020,4,Santa Fe,592374,532634,46601,2747,10392
2020,4,Santiago del Estero,66338,59647,5219,3080,1164
2020,4,Tierra del Fuego,21573,19398,1697,1000,3780
2020,4,TucumÃ¡n,181343,163055,14266,8410,3181
2020,3,Buenos Aires,3233324,2919939,236054,15784,61547
2020,3,Capital Federal,1433000,1294110,104618,6995,27277
2020,3,Catamarca,33596,30339,2453,1640,6400
2020,3,Chaco,82542,74542,6026,4030,1571
2020,3,Chubut,72950,65879,5326,3560,1389
2020,3,CÃ³rdoba,549383,496134,40109,2682,10458
2020,3,Corrientes,86349,77979,6304,4220,1644
2020,3,Entre RÃ­os,181304,163732,13236,8850,3451
2020,3,Formosa,34864,31485,2545,1700,6640
2020,3,Jujuy,46331,41841,3382,2260,8820
2020,3,La Pampa,70536,63699,515,3440,1343
2020,3,La Rioja,29404,26553,2147,1440,5600
2020,3,Mendoza,196383,177349,14337,9590,3738
2020,3,Misiones,88884,80269,6489,4340,1692
2020,3,NeuquÃ©n,74481,67261,5438,3640,1418
2020,3,RÃ­o Negro,85239,76977,6223,4160,1623
2020,3,Salta,103159,93160,7531,5040,1964
2020,3,San Juan,74844,67590,5464,3650,1425
2020,3,San Luis,34436,31098,2514,1680,6560
2020,3,Santa Cruz,27279,24635,1992,1330,5190
2020,3,Santa Fe,624379,563862,45584,3048,11885
2020,3,Santiago del Estero,66338,59908,4843,3240,1263
2020,3,Tierra del Fuego,21573,19482,1575,1050,4110
2020,3,TucumÃ¡n,181967,164330,13285,8880,3464
2020,2,Buenos Aires,3232457,2906464,254292,14992,56709
2020,2,Capital Federal,1423882,1280284,112014,6604,2498
2020,2,Catamarca,33525,30145,2637,1550,5880
2020,2,Chaco,81113,72933,6381,3760,1423
2020,2,Chubut,73019,65655,5744,3390,1281
2020,2,CÃ³rdoba,535102,481136,42096,2482,9388
2020,2,Corrientes,85319,76714,6712,3960,1497
2020,2,Entre RÃ­os,178988,160937,14081,8300,314
2020,2,Formosa,34057,30623,2679,1580,5970
2020,2,Jujuy,45686,41079,3594,2120,8010
2020,2,La Pampa,70628,63505,5556,3280,1239
2020,2,La Rioja,29306,26351,2305,1360,5140
2020,2,Mendoza,196388,176583,15449,9110,3445
2020,2,Misiones,85762,77112,6747,3980,1505
2020,2,NeuquÃ©n,74546,67028,5864,3460,1308
2020,2,RÃ­o Negro,84513,75990,6648,3920,1483
2020,2,Salta,101610,91363,7993,4710,1783
2020,2,San Juan,74837,67290,5887,3470,1313
2020,2,San Luis,34431,30958,2709,1600,6040
2020,2,Santa Cruz,27239,24492,2143,1260,4780
2020,2,Santa Fe,592374,532634,46601,2747,10392
2020,2,Santiago del Estero,66338,59647,5219,3080,1164
2020,2,Tierra del Fuego,21573,19398,1697,1000,3780
2020,2,TucumÃ¡n,181343,163055,14266,8410,3181
2020,1,Buenos Aires,3261264,2925747,261533,14423,59561
2020,1,Capital Federal,1456196,1306383,116778,644,26595
2020,1,Catamarca,29743,26683,2385,1320,5430
2020,1,Chaco,84041,75394,674,3720,1535
2020,1,Chubut,78692,70596,6311,3480,1437
2020,1,CÃ³rdoba,574075,515015,46037,2539,10484
2020,1,Corrientes,87649,78631,7029,3880,1601
2020,1,Entre RÃ­os,186835,167614,14983,8260,3412
2020,1,Formosa,34562,31006,2772,1530,6310
2020,1,Jujuy,47985,43049,3848,2120,8760
2020,1,La Pampa,70733,63456,5672,3130,1292
2020,1,La Rioja,27079,24292,2172,1200,4950
2020,1,Mendoza,210725,189045,16899,9320,3849
2020,1,Misiones,90832,81487,7284,4020,1659
2020,1,NeuquÃ©n,77487,69515,6214,3430,1415
2020,1,RÃ­o Negro,88260,79180,7078,3900,1612
2020,1,Salta,107506,96447,8621,4750,1963
2020,1,San Juan,78502,70426,6295,3470,1434
2020,1,San Luis,36334,32595,2914,1610,6640
2020,1,Santa Cruz,29360,26340,2354,1300,5360
2020,1,Santa Fe,624563,560308,50086,2762,11407
2020,1,Santiago del Estero,67237,60320,5392,2970,1228
2020,1,Tierra del Fuego,23550,21127,1889,1040,4300
2020,1,TucumÃ¡n,182424,163656,14629,8070,3332
2019,4,Buenos Aires,3348525,2994702,266943,14902,71978
2019,4,Capital Federal,1478871,1322606,117895,6581,31789
2019,4,Catamarca,31113,27826,248,1380,6690
2019,4,Chaco,86928,77742,693,3870,1869
2019,4,Chubut,81784,73142,652,3640,1758
2019,4,CÃ³rdoba,604424,540558,48184,269,12992
2019,4,Corrientes,89969,80463,7172,4000,1934
2019,4,Entre RÃ­os,191513,171277,15267,8520,4117
2019,4,Formosa,35319,31587,2816,1570,7590
2019,4,Jujuy,49460,44234,3943,2200,1063
2019,4,La Pampa,71332,63795,5687,3170,1533
2019,4,La Rioja,28349,25354,226,1260,6090
2019,4,Mendoza,218661,195556,17432,9730,47
2019,4,Misiones,93753,83847,7474,4170,2015
2019,4,NeuquÃ©n,78963,70620,6295,3510,1697
2019,4,RÃ­o Negro,91113,81486,7263,4050,1959
2019,4,Salta,110873,99158,8839,4930,2383
2019,4,San Juan,80524,72016,6419,3580,1731
2019,4,San Luis,37794,33801,3013,1680,8120
2019,4,Santa Cruz,30409,27196,2424,1350,6540
2019,4,Santa Fe,643060,575111,51264,2862,13823
2019,4,Santiago del Estero,68405,61178,5453,3040,147
2019,4,Tierra del Fuego,24283,21717,1936,1080,5220
2019,4,TucumÃ¡n,187391,167590,14939,8340,4028
2019,3,Buenos Aires,3414932,3058655,268169,14853,73255
2019,3,Capital Federal,1497396,1341174,117588,6513,32121
2019,3,Catamarca,32676,29267,2566,1420,7010
2019,3,Chaco,88269,79060,6932,3840,1893
2019,3,Chubut,83907,75153,6589,3650,18
2019,3,CÃ³rdoba,612366,548479,48088,2663,13136
2019,3,Corrientes,91158,81648,7159,3960,1955
2019,3,Entre RÃ­os,194253,173987,15254,8450,4167
2019,3,Formosa,35966,32214,2824,1560,7720
2019,3,Jujuy,50113,44885,3935,2180,1075
2019,3,La Pampa,63774,57121,5008,2770,1368
2019,3,La Rioja,29547,26464,232,1290,6340
2019,3,Mendoza,225668,202124,17721,9820,4841
2019,3,Misiones,95865,85864,7528,4170,2056
2019,3,NeuquÃ©n,80350,71967,631,3490,1724
2019,3,RÃ­o Negro,94207,84378,7398,4100,2021
2019,3,Salta,113707,101844,8929,4950,2439
2019,3,San Juan,82462,73858,6476,3590,1769
2019,3,San Luis,39274,35177,3084,1710,8420
2019,3,Santa Cruz,32023,28682,2515,1390,6870
2019,3,Santa Fe,647965,580363,50884,2818,139
2019,3,Santiago del Estero,69371,62133,5448,3020,1488
2019,3,Tierra del Fuego,25143,22521,1974,1090,5390
2019,3,TucumÃ¡n,192297,172235,15101,8360,4125
2019,2,Buenos Aires,3348525,2994702,266943,14902,71978
2019,2,Capital Federal,1478871,1322606,117895,6581,31789
2019,2,Catamarca,31113,27826,248,1380,6690
2019,2,Chaco,86928,77742,693,3870,1869
2019,2,Chubut,81784,73142,652,3640,1758
2019,2,CÃ³rdoba,604424,540558,48184,269,12992
2019,2,Corrientes,89969,80463,7172,4000,1934
2019,2,Entre RÃ­os,191513,171277,15267,8520,4117
2019,2,Formosa,35319,31587,2816,1570,7590
2019,2,Jujuy,49460,44234,3943,2200,1063
2019,2,La Pampa,71332,63795,5687,3170,1533
2019,2,La Rioja,28349,25354,226,1260,6090
2019,2,Mendoza,218661,195556,17432,9730,47
2019,2,Misiones,93753,83847,7474,4170,2015
2019,2,NeuquÃ©n,78963,70620,6295,3510,1697
2019,2,RÃ­o Negro,91113,81486,7263,4050,1959
2019,2,Salta,110873,99158,8839,4930,2383
2019,2,San Juan,80524,72016,6419,3580,1731
2019,2,San Luis,37794,33801,3013,1680,8120
2019,2,Santa Cruz,30409,27196,2424,1350,6540
2019,2,Santa Fe,643060,575111,51264,2862,13823
2019,2,Santiago del Estero,68405,61178,5453,3040,147
2019,2,Tierra del Fuego,24283,21717,1936,1080,5220
2019,2,TucumÃ¡n,187391,167590,14939,8340,4028
2019,1,Buenos Aires,3563157,3149299,280518,14901,118439
2019,1,Capital Federal,1599798,1413982,125948,6691,53177
2019,1,Catamarca,36178,31976,2848,1510,1203
2019,1,Chaco,93703,82819,7377,3920,3115
2019,1,Chubut,88768,78458,6988,3710,2951
2019,1,CÃ³rdoba,656248,580025,51665,2744,21814
2019,1,Corrientes,95050,84010,7483,3980,3159
2019,1,Entre RÃ­os,203743,180079,1604,8520,6772
2019,1,Formosa,37799,33409,2976,1580,1256
2019,1,Jujuy,51824,45804,408,2170,1723
2019,1,La Pampa,65887,58234,5187,2760,219
2019,1,La Rioja,32830,29017,2585,1370,1091
2019,1,Mendoza,241006,213013,18974,1008,8011
2019,1,Misiones,101672,89863,8004,4250,338
2019,1,NeuquÃ©n,83521,73821,6575,3490,2776
2019,1,RÃ­o Negro,100373,88715,7902,4200,3336
2019,1,Salta,122902,108627,9676,5140,4085
2019,1,San Juan,85905,75928,6763,3590,2855
2019,1,San Luis,42908,37925,3378,1790,1426
2019,1,Santa Cruz,34171,30202,269,1430,1136
2019,1,Santa Fe,685178,605596,53942,2865,22775
2019,1,Santiago del Estero,72886,64420,5738,3050,2423
2019,1,Tierra del Fuego,25181,22257,1982,1050,8370
2019,1,TucumÃ¡n,206715,182705,16274,8650,6871
2018,4,Buenos Aires,4558545,4074597,332712,18514,132722
2018,4,Capital Federal,1753365,1567223,127972,7121,51049
2018,4,Catamarca,36970,33046,2698,1500,1076
2018,4,Chaco,95754,85588,6989,3890,2788
2018,4,Chubut,117520,105044,8577,4770,3422
2018,4,CÃ³rdoba,671019,599782,48975,2725,19537
2018,4,Corrientes,96921,86631,7074,3940,2822
2018,4,Entre RÃ­os,207407,185388,15138,8420,6039
2018,4,Formosa,38705,34596,2825,1570,1127
2018,4,Jujuy,52432,46865,3827,2130,1527
2018,4,La Pampa,76460,68342,5581,3110,2226
2018,4,La Rioja,33864,30268,2472,1380,9860
2018,4,Mendoza,360697,322404,26326,1465,10502
2018,4,Misiones,104246,93179,7609,4230,3035
2018,4,NeuquÃ©n,109166,97577,7968,4430,3178
2018,4,RÃ­o Negro,139693,124863,10196,5670,4067
2018,4,Salta,126296,112888,9218,5130,3677
2018,4,San Juan,115257,103021,8412,4680,3356
2018,4,San Luis,51830,46328,3783,2100,1509
2018,4,Santa Cruz,44277,39576,3232,1800,1289
2018,4,Santa Fe,697606,623546,50916,2833,20311
2018,4,Santiago del Estero,74168,66295,5413,3010,2159
2018,4,Tierra del Fuego,33372,29828,2436,1360,9720
2018,4,TucumÃ¡n,210346,188016,15352,8540,6124
2018,3,Buenos Aires,4492692,4011556,328786,17993,134357
2018,3,Capital Federal,1775534,1585386,129938,7111,53099
2018,3,Catamarca,37877,33820,2772,1520,1133
2018,3,Chaco,91629,81816,6706,3670,274
2018,3,Chubut,116981,104453,8561,4690,3498
2018,3,CÃ³rdoba,674653,602402,49373,2702,20176
2018,3,Corrientes,94809,84656,6938,3800,2835
2018,3,Entre RÃ­os,200199,178759,14651,8020,5987
2018,3,Formosa,39405,35185,2884,1580,1178
2018,3,Jujuy,53058,47376,3883,2120,1587
2018,3,La Pampa,75708,67601,554,3030,2264
2018,3,La Rioja,34553,30853,2529,1380,1033
2018,3,Mendoza,360459,321856,26379,1444,1078
2018,3,Misiones,103894,92768,7603,4160,3107
2018,3,NeuquÃ©n,97134,86731,7109,3890,2905
2018,3,RÃ­o Negro,139713,124750,10225,5600,4178
2018,3,Salta,129587,115710,9483,5190,3875
2018,3,San Juan,115192,102856,843,4610,3445
2018,3,San Luis,44305,39561,3242,1770,1325
2018,3,Santa Cruz,44198,39464,3235,1770,1322
2018,3,Santa Fe,672622,600589,49224,2694,20115
2018,3,Santiago del Estero,53667,47920,3927,2150,1605
2018,3,Tierra del Fuego,33372,29798,2442,1340,9980
2018,3,TucumÃ¡n,213747,190856,15643,8560,6392
2018,2,Buenos Aires,4477907,3986269,328629,17754,145255
2018,2,Capital Federal,1742825,1551477,127904,691,56534
2018,2,Catamarca,38159,33970,28,1510,1238
2018,2,Chaco,97970,87214,719,3880,3178
2018,2,Chubut,117005,104159,8587,4640,3795
2018,2,CÃ³rdoba,683794,608719,50183,2711,22181
2018,2,Corrientes,99001,88131,7266,3930,3211
2018,2,Entre RÃ­os,213670,190211,15681,8470,6931
2018,2,Formosa,39741,35377,2917,1580,1289
2018,2,Jujuy,53642,47752,3937,2130,174
2018,2,La Pampa,75704,67392,5556,3000,2456
2018,2,La Rioja,35170,31309,2581,1390,1141
2018,2,Mendoza,360453,320879,26453,1429,11692
2018,2,Misiones,108094,96226,7933,4290,3506
2018,2,NeuquÃ©n,97148,86482,713,3850,3151
2018,2,RÃ­o Negro,139757,124413,10257,5540,4533
2018,2,Salta,131938,117452,9683,5230,428
2018,2,San Juan,115192,102544,8454,4570,3737
2018,2,San Luis,44326,39459,3253,1760,1438
2018,2,Santa Cruz,44258,39399,3248,1750,1436
2018,2,Santa Fe,685345,610100,50297,2717,22231
2018,2,Santiago del Estero,55208,49146,4052,2190,1791
2018,2,Tierra del Fuego,33372,29708,2449,1320,1083
2018,2,TucumÃ¡n,214298,190770,15727,8500,6951
2018,1,Buenos Aires,4437761,3897738,326697,17191,196135
2018,1,Capital Federal,1732094,1521319,127512,671,76553
2018,1,Catamarca,38375,33705,2825,1490,1696
2018,1,Chaco,99037,86985,7291,3840,4377
2018,1,Chubut,113978,100108,8391,4420,5037
2018,1,CÃ³rdoba,691843,607654,50932,268,30577
2018,1,Corrientes,99564,87448,733,3860,44
2018,1,Entre RÃ­os,215675,189431,15877,8350,9532
2018,1,Formosa,40111,35230,2953,1550,1773
2018,1,Jujuy,54304,47696,3998,2100,24
2018,1,La Pampa,75269,66109,5541,2920,3327
2018,1,La Rioja,35980,31602,2649,1390,159
2018,1,Mendoza,360420,316562,26533,1396,15929
2018,1,Misiones,103398,90815,7612,4010,457
2018,1,NeuquÃ©n,97217,85386,7157,3770,4297
2018,1,RÃ­o Negro,139844,122826,10295,5420,6181
2018,1,Salta,134030,117720,9867,5190,5924
2018,1,San Juan,115192,101175,848,4460,5091
2018,1,San Luis,44327,38933,3263,1720,1959
2018,1,Santa Cruz,44206,38827,3254,1710,1954
2018,1,Santa Fe,689027,605181,50724,2669,30453
2018,1,Santiago del Estero,57141,50188,4207,2210,2525
2018,1,Tierra del Fuego,33372,29311,2457,1290,1475
2018,1,TucumÃ¡n,214755,188622,1581,8320,9491
2017,4,Buenos Aires,4881863,4268288,343324,18011,25224
2017,4,Capital Federal,1618260,1414870,113807,597,83613
2017,4,Catamarca,38665,33805,2719,1430,1998
2017,4,Chaco,102077,89247,7179,3770,5274
2017,4,Chubut,122592,107185,8621,4520,6334
2017,4,CÃ³rdoba,704306,615786,49531,2598,36391
2017,4,Corrientes,102049,89223,7177,3760,5273
2017,4,Entre RÃ­os,223126,195082,15692,8230,11529
2017,4,Formosa,41139,35968,2893,1520,2126
2017,4,Jujuy,56418,49327,3968,2080,2915
2017,4,La Pampa,83364,72886,5863,3080,4307
2017,4,La Rioja,37770,33023,2656,1390,1952
2017,4,Mendoza,381118,333217,26803,1406,19692
2017,4,Misiones,115189,100711,8101,4250,5952
2017,4,NeuquÃ©n,101846,89046,7162,3760,5262
2017,4,RÃ­o Negro,145598,127299,10239,5370,7523
2017,4,Salta,139346,121832,98,5140,72
2017,4,San Juan,114113,99771,8025,4210,5896
2017,4,San Luis,53797,47036,3783,1980,278
2017,4,Santa Cruz,47233,41297,3322,1740,244
2017,4,Santa Fe,742944,649567,52249,2741,38387
2017,4,Santiago del Estero,64481,56376,4535,2380,3332
2017,4,Tierra del Fuego,38952,34056,2739,1440,2013
2017,4,TucumÃ¡n,211561,184971,14878,7810,10931
2017,3,Buenos Aires,4780187,4166450,341904,17491,254342
2017,3,Capital Federal,1605054,1398978,114802,5873,85401
2017,3,Catamarca,38840,33853,2778,1420,2067
2017,3,Chaco,102824,89623,7354,3760,5471
2017,3,Chubut,118225,103046,8456,4330,629
2017,3,CÃ³rdoba,704433,613989,50385,2578,37481
2017,3,Corrientes,102558,89391,7335,3750,5457
2017,3,Entre RÃ­os,224703,195853,16072,8220,11956
2017,3,Formosa,41233,35939,2949,1510,2194
2017,3,Jujuy,56581,49316,4047,2070,3011
2017,3,La Pampa,82810,72178,5923,3030,4406
2017,3,La Rioja,38014,33133,2719,1390,2023
2017,3,Mendoza,377803,329297,27022,1382,20102
2017,3,Misiones,110690,96478,7917,4050,589
2017,3,NeuquÃ©n,101751,88687,7278,3720,5414
2017,3,RÃ­o Negro,143888,125414,10292,5260,7656
2017,3,Salta,139723,121784,9994,5110,7434
2017,3,San Juan,112398,97968,8039,4110,598
2017,3,San Luis,53793,46886,3848,1970,2862
2017,3,Santa Cruz,44728,38985,3199,1640,238
2017,3,Santa Fe,739999,644988,52929,2708,39374
2017,3,Santiago del Estero,65541,57126,4688,2400,3487
2017,3,Tierra del Fuego,38815,33832,2776,1420,2065
2017,3,TucumÃ¡n,211547,184386,15131,7740,11256
2017,2,Buenos Aires,4916108,4280149,359598,18042,258319
2017,2,Capital Federal,1580199,1375781,115587,5799,83032
2017,2,Catamarca,38551,33564,282,1410,2026
2017,2,Chaco,103002,89678,7534,3780,5412
2017,2,Chubut,115321,100403,8435,4230,606
2017,2,CÃ³rdoba,703322,612339,51446,2581,36956
2017,2,Corrientes,102444,89192,7493,3760,5383
2017,2,Entre RÃ­os,225017,195908,16459,8260,11824
2017,2,Formosa,40743,35472,298,1500,2141
2017,2,Jujuy,56381,49087,4124,2070,2963
2017,2,La Pampa,81939,71338,5994,3010,4306
2017,2,La Rioja,37869,32970,277,1390,199
2017,2,Mendoza,370071,322197,2707,1358,19446
2017,2,Misiones,110533,96234,8085,4060,5808
2017,2,NeuquÃ©n,98956,86155,7238,3630,52
2017,2,RÃ­o Negro,141053,122805,10318,5180,7412
2017,2,Salta,139208,121199,10183,5110,7315
2017,2,San Juan,107299,93418,7849,3940,5638
2017,2,San Luis,53178,46299,389,1950,2794
2017,2,Santa Cruz,44254,38530,3237,1620,2325
2017,2,Santa Fe,741843,645875,54264,2723,38981
2017,2,Santiago del Estero,66024,57484,4829,2420,3469
2017,2,Tierra del Fuego,37976,33064,2778,1390,1995
2017,2,TucumÃ¡n,210228,183031,15378,7720,11047
2017,1,Buenos Aires,4872542,4259081,343205,18007,252249
2017,1,Capital Federal,1608800,1406249,113318,5946,83287
2017,1,Catamarca,38665,33797,2723,1430,2002
2017,1,Chaco,102077,89226,719,3770,5284
2017,1,Chubut,122592,107157,8635,4530,6347
2017,1,CÃ³rdoba,702744,614267,49499,2597,36381
2017,1,Corrientes,102049,89201,7188,3770,5283
2017,1,Entre RÃ­os,223126,195034,15716,8250,11551
2017,1,Formosa,41139,35959,2898,1520,213
2017,1,Jujuy,56418,49314,3974,2090,2921
2017,1,La Pampa,83364,72868,5872,3080,4316
2017,1,La Rioja,37770,33015,266,1400,1955
2017,1,Mendoza,381118,333135,26845,1408,1973
2017,1,Misiones,115189,100687,8113,4260,5963
2017,1,NeuquÃ©n,101846,89023,7174,3760,5273
2017,1,RÃ­o Negro,145598,127267,10255,5380,7538
2017,1,Salta,139346,121802,9815,5150,7214
2017,1,San Juan,114113,99745,8038,4220,5908
2017,1,San Luis,53797,47024,3789,1990,2785
2017,1,Santa Cruz,47233,41286,3327,1750,2445
2017,1,Santa Fe,741856,648454,52254,2742,38406
2017,1,Santiago del Estero,64481,56363,4542,2380,3338
2017,1,Tierra del Fuego,38952,34047,2744,1440,2017
2017,1,TucumÃ¡n,211561,184925,14902,7820,10952
2016,4,Buenos Aires,4881863,4268288,343324,18011,25224
2016,4,Capital Federal,1618260,1414870,113807,597,83613
2016,4,Catamarca,38665,33805,2719,1430,1998
2016,4,Chaco,102077,89247,7179,3770,5274
2016,4,Chubut,122592,107185,8621,4520,6334
2016,4,CÃ³rdoba,704306,615786,49531,2598,36391
2016,4,Corrientes,102049,89223,7177,3760,5273
2016,4,Entre RÃ­os,223126,195082,15692,8230,11529
2016,4,Formosa,41139,35968,2893,1520,2126
2016,4,Jujuy,56418,49327,3968,2080,2915
2016,4,La Pampa,83364,72886,5863,3080,4307
2016,4,La Rioja,37770,33023,2656,1390,1952
2016,4,Mendoza,381118,333217,26803,1406,19692
2016,4,Misiones,115189,100711,8101,4250,5952
2016,4,NeuquÃ©n,101846,89046,7162,3760,5262
2016,4,RÃ­o Negro,145598,127299,10239,5370,7523
2016,4,Salta,139346,121832,98,5140,72
2016,4,San Juan,114113,99771,8025,4210,5896
2016,4,San Luis,53797,47036,3783,1980,278
2016,4,Santa Cruz,47233,41297,3322,1740,244
2016,4,Santa Fe,742944,649567,52249,2741,38387
2016,4,Santiago del Estero,64481,56376,4535,2380,3332
2016,4,Tierra del Fuego,38952,34056,2739,1440,2013
2016,4,TucumÃ¡n,211561,184971,14878,7810,10931
2016,3,Buenos Aires,4780187,4166450,341904,17491,254342
2016,3,Capital Federal,1605054,1398978,114802,5873,85401
2016,3,Catamarca,38840,33853,2778,1420,2067
2016,3,Chaco,102824,89623,7354,3760,5471
2016,3,Chubut,118225,103046,8456,4330,629
2016,3,CÃ³rdoba,704433,613989,50385,2578,37481
2016,3,Corrientes,102558,89391,7335,3750,5457
2016,3,Entre RÃ­os,224703,195853,16072,8220,11956
2016,3,Formosa,41233,35939,2949,1510,2194
2016,3,Jujuy,56581,49316,4047,2070,3011
2016,3,La Pampa,82810,72178,5923,3030,4406
2016,3,La Rioja,38014,33133,2719,1390,2023
2016,3,Mendoza,377803,329297,27022,1382,20102
2016,3,Misiones,110690,96478,7917,4050,589
2016,3,NeuquÃ©n,101751,88687,7278,3720,5414
2016,3,RÃ­o Negro,143888,125414,10292,5260,7656
2016,3,Salta,139723,121784,9994,5110,7434
2016,3,San Juan,112398,97968,8039,4110,598
2016,3,San Luis,53793,46886,3848,1970,2862
2016,3,Santa Cruz,44728,38985,3199,1640,238
2016,3,Santa Fe,739999,644988,52929,2708,39374
2016,3,Santiago del Estero,65541,57126,4688,2400,3487
2016,3,Tierra del Fuego,38815,33832,2776,1420,2065
2016,3,TucumÃ¡n,211547,184386,15131,7740,11256
2016,2,Buenos Aires,4916108,4280149,359598,18042,258319
2016,2,Capital Federal,1580199,1375781,115587,5799,83032
2016,2,Catamarca,38551,33564,282,1410,2026
2016,2,Chaco,103002,89678,7534,3780,5412
2016,2,Chubut,115321,100403,8435,4230,606
2016,2,CÃ³rdoba,703322,612339,51446,2581,36956
2016,2,Corrientes,102444,89192,7493,3760,5383
2016,2,Entre RÃ­os,225017,195908,16459,8260,11824
2016,2,Formosa,40743,35472,298,1500,2141
2016,2,Jujuy,56381,49087,4124,2070,2963
2016,2,La Pampa,81939,71338,5994,3010,4306
2016,2,La Rioja,37869,32970,277,1390,199
2016,2,Mendoza,370071,322197,2707,1358,19446
2016,2,Misiones,110533,96234,8085,4060,5808
2016,2,NeuquÃ©n,98956,86155,7238,3630,52
2016,2,RÃ­o Negro,141053,122805,10318,5180,7412
2016,2,Salta,139208,121199,10183,5110,7315
2016,2,San Juan,107299,93418,7849,3940,5638
2016,2,San Luis,53178,46299,389,1950,2794
2016,2,Santa Cruz,44254,38530,3237,1620,2325
2016,2,Santa Fe,741843,645875,54264,2723,38981
2016,2,Santiago del Estero,66024,57484,4829,2420,3469
2016,2,Tierra del Fuego,37976,33064,2778,1390,1995
2016,2,TucumÃ¡n,210228,183031,15378,7720,11047
2016,1,Buenos Aires,4872542,4259081,343205,18007,252249
2016,1,Capital Federal,1608800,1406249,113318,5946,83287
2016,1,Catamarca,38665,33797,2723,1430,2002
2016,1,Chaco,102077,89226,719,3770,5284
2016,1,Chubut,122592,107157,8635,4530,6347
2016,1,CÃ³rdoba,702744,614267,49499,2597,36381
2016,1,Corrientes,102049,89201,7188,3770,5283
2016,1,Entre RÃ­os,223126,195034,15716,8250,11551
2016,1,Formosa,41139,35959,2898,1520,213
2016,1,Jujuy,56418,49314,3974,2090,2921
2016,1,La Pampa,83364,72868,5872,3080,4316
2016,1,La Rioja,37770,33015,266,1400,1955
2016,1,Mendoza,381118,333135,26845,1408,1973
2016,1,Misiones,115189,100687,8113,4260,5963
2016,1,NeuquÃ©n,101846,89023,7174,3760,5273
2016,1,RÃ­o Negro,145598,127267,10255,5380,7538
2016,1,Salta,139346,121802,9815,5150,7214
2016,1,San Juan,114113,99745,8038,4220,5908
2016,1,San Luis,53797,47024,3789,1990,2785
2016,1,Santa Cruz,47233,41286,3327,1750,2445
2016,1,Santa Fe,741856,648454,52254,2742,38406
2016,1,Santiago del Estero,64481,56363,4542,2380,3338
2016,1,Tierra del Fuego,38952,34047,2744,1440,2017
2016,1,TucumÃ¡n,211561,184925,14902,7820,10952
2015,4,Buenos Aires,4713888,3960199,474122,16615,262952
2015,4,Capital Federal,1572421,1321012,158154,5542,87713
2015,4,Catamarca,39268,32990,395,1380,219
2015,4,Chaco,103362,86836,10396,3640,5766
2015,4,Chubut,110994,93247,11164,3910,6192
2015,4,CÃ³rdoba,721431,606084,72561,2543,40243
2015,4,Corrientes,107615,90409,10824,3790,6003
2015,4,Entre RÃ­os,228781,192202,23011,8060,12762
2015,4,Formosa,41567,34920,4181,1470,2319
2015,4,Jujuy,56957,47850,5729,2010,3177
2015,4,La Pampa,79736,66987,802,2810,4448
2015,4,La Rioja,38574,32406,388,1360,2152
2015,4,Mendoza,361160,303416,36325,1273,20146
2015,4,Misiones,111733,93868,11238,3940,6233
2015,4,NeuquÃ©n,108302,90986,10893,3820,6041
2015,4,RÃ­o Negro,135095,113495,13588,4760,7536
2015,4,Salta,141131,118566,14195,4970,7873
2015,4,San Juan,104387,87697,10499,3680,5823
2015,4,San Luis,53012,44536,5332,1870,2957
2015,4,Santa Cruz,52927,44465,5323,1870,2952
2015,4,Santa Fe,758242,637008,76264,2673,42297
2015,4,Santiago del Estero,68531,57573,6893,2420,3823
2015,4,Tierra del Fuego,35528,29848,3573,1250,1982
2015,4,TucumÃ¡n,213717,179546,21496,7530,11922
2015,3,Buenos Aires,4713132,3922463,513849,16521,260299
2015,3,Capital Federal,1627395,1354386,177427,5704,89878
2015,3,Catamarca,39243,32660,4278,1380,2167
2015,3,Chaco,107211,89225,11689,3760,5921
2015,3,Chubut,110101,91630,12004,3860,6081
2015,3,CÃ³rdoba,727761,605673,79344,2551,40193
2015,3,Corrientes,110808,92219,12081,3880,612
2015,3,Entre RÃ­os,235242,195778,25647,8250,12992
2015,3,Formosa,41803,34789,4558,1470,2309
2015,3,Jujuy,56787,47261,6191,1990,3136
2015,3,La Pampa,78651,65456,8575,2760,4344
2015,3,La Rioja,38651,32167,4214,1350,2135
2015,3,Mendoza,358373,298253,39072,1256,19792
2015,3,Misiones,113211,94219,12343,3970,6252
2015,3,NeuquÃ©n,98784,82212,1077,3460,5456
2015,3,RÃ­o Negro,133855,111399,14594,4690,7393
2015,3,Salta,141105,117433,15384,4950,7793
2015,3,San Juan,103306,85976,11263,3620,5705
2015,3,San Luis,53069,44166,5786,1860,2931
2015,3,Santa Cruz,60005,49939,6542,2100,3314
2015,3,Santa Fe,766859,638212,83607,2688,42352
2015,3,Santiago del Estero,69165,57562,7541,2420,382
2015,3,Tierra del Fuego,35152,29256,3832,1230,1941
2015,3,TucumÃ¡n,213481,177668,23275,7480,1179
2015,2,Buenos Aires,4665956,3872029,51512,16074,262733
2015,2,Capital Federal,1654650,1373106,182673,57,93171
2015,2,Catamarca,39141,32481,4321,1350,2204
2015,2,Chaco,104243,86506,11508,3590,587
2015,2,Chubut,107612,89302,1188,3710,6059
2015,2,CÃ³rdoba,724175,600954,79949,2495,40777
2015,2,Corrientes,108530,90063,11982,3740,6111
2015,2,Entre RÃ­os,229823,190718,25372,7920,12941
2015,2,Formosa,41848,34728,462,1440,2356
2015,2,Jujuy,56443,46840,6231,1940,3178
2015,2,La Pampa,78106,64816,8623,2690,4398
2015,2,La Rioja,38903,32283,4295,1340,2191
2015,2,Mendoza,350326,290717,38676,1207,19726
2015,2,Misiones,110526,91719,12202,3810,6224
2015,2,NeuquÃ©n,97708,81082,10787,3370,5502
2015,2,RÃ­o Negro,131424,109062,14509,4530,74
2015,2,Salta,140955,116971,15561,4860,7937
2015,2,San Juan,100775,83628,11126,3470,5674
2015,2,San Luis,52860,43866,5836,1820,2976
2015,2,Santa Cruz,58897,48876,6502,2030,3316
2015,2,Santa Fe,764496,634414,844,2634,43048
2015,2,Santiago del Estero,70102,58175,7739,2410,3947
2015,2,Tierra del Fuego,34186,28369,3774,1180,1925
2015,2,TucumÃ¡n,212182,176078,23425,7310,11948
2015,1,Buenos Aires,4801996,3979224,540095,17562,265115
2015,1,Capital Federal,1634130,1354140,183795,5976,90219
2015,1,Catamarca,39142,32436,4402,1430,2161
2015,1,Chaco,104250,86388,11725,3810,5756
2015,1,Chubut,104281,86414,11729,3810,5757
2015,1,CÃ³rdoba,729084,604164,82002,2666,40252
2015,1,Corrientes,108534,89938,12207,3970,5992
2015,1,Entre RÃ­os,229839,190458,25851,8410,12689
2015,1,Formosa,41854,34683,4707,1530,2311
2015,1,Jujuy,56446,46775,6349,2060,3116
2015,1,La Pampa,76862,63693,8645,2810,4243
2015,1,La Rioja,38902,32237,4375,1420,2148
2015,1,Mendoza,339093,280993,38139,124,18721
2015,1,Misiones,110526,91589,12431,4040,6102
2015,1,NeuquÃ©n,96099,79633,10809,3510,5306
2015,1,RÃ­o Negro,127343,105523,14323,4660,7031
2015,1,Salta,140946,116796,15853,5150,7782
2015,1,San Juan,98340,81490,11061,3600,5429
2015,1,San Luis,52039,43123,5853,1900,2873
2015,1,Santa Cruz,57685,47801,6488,2110,3185
2015,1,Santa Fe,766506,635174,86211,2803,42318
2015,1,Santiago del Estero,70101,58091,7884,2560,387
2015,1,Tierra del Fuego,33423,27697,3759,1220,1845
2015,1,TucumÃ¡n,212265,175896,23874,7760,11719
2014,4,Buenos Aires,4463139,3680053,509659,15264,258163
2014,4,Capital Federal,1615174,1331781,184442,5524,93427
2014,4,Catamarca,39423,32506,4502,1350,228
2014,4,Chaco,105378,86890,12033,3600,6095
2014,4,Chubut,99562,82093,11369,3410,5759
2014,4,CÃ³rdoba,731926,603505,83581,2503,42337
2014,4,Corrientes,105219,86758,12015,3600,6086
2014,4,Entre RÃ­os,230049,189685,2627,7870,13307
2014,4,Formosa,42133,34741,4811,1440,2437
2014,4,Jujuy,56456,46550,6447,1930,3266
2014,4,La Pampa,73063,60244,8343,2500,4226
2014,4,La Rioja,39162,32291,4472,1340,2265
2014,4,Mendoza,327635,270148,37414,1121,18952
2014,4,Misiones,111784,92171,12765,3820,6466
2014,4,NeuquÃ©n,93902,77426,10723,3210,5432
2014,4,RÃ­o Negro,123365,101720,14087,4220,7136
2014,4,Salta,141211,116435,16125,4830,8168
2014,4,San Juan,95135,78443,10864,3250,5503
2014,4,San Luis,51237,42247,5851,1750,2964
2014,4,Santa Cruz,41523,34237,4742,1420,2402
2014,4,Santa Fe,770455,635273,87981,2635,44566
2014,4,Santiago del Estero,70523,58150,8053,2410,4079
2014,4,Tierra del Fuego,32912,27137,3758,1130,1904
2014,4,TucumÃ¡n,212990,175620,24322,7280,1232
2014,3,Buenos Aires,4405762,3631816,500343,14902,258701
2014,3,Capital Federal,1607082,1324771,182509,5436,94366
2014,3,Catamarca,39453,32522,4481,1330,2317
2014,3,Chaco,105864,87267,12023,3580,6216
2014,3,Chubut,98074,80845,11138,3320,5759
2014,3,CÃ³rdoba,733130,604343,83258,248,43049
2014,3,Corrientes,105505,86971,11982,3570,6195
2014,3,Entre RÃ­os,230563,190061,26184,7800,13538
2014,3,Formosa,42310,34878,4805,1430,2484
2014,3,Jujuy,56366,46464,6401,1910,331
2014,3,La Pampa,72155,59480,8194,2440,4237
2014,3,La Rioja,39373,32457,4471,1330,2312
2014,3,Mendoza,320228,263975,36367,1083,18803
2014,3,Misiones,111998,92324,12719,3790,6576
2014,3,NeuquÃ©n,92775,76477,10536,3140,5448
2014,3,RÃ­o Negro,121350,100033,13781,4100,7126
2014,3,Salta,141312,116488,16048,4780,8298
2014,3,San Juan,93056,76709,10568,3150,5464
2014,3,San Luis,50779,41858,5767,1720,2982
2014,3,Santa Cruz,41015,33810,4658,1390,2408
2014,3,Santa Fe,772744,636998,87757,2614,45375
2014,3,Santiago del Estero,70719,58296,8031,2390,4153
2014,3,Tierra del Fuego,32698,26954,3713,1110,192
2014,3,TucumÃ¡n,212958,175548,24185,7200,12505
2014,2,Buenos Aires,4379382,3610509,492119,14373,262381
2014,2,Capital Federal,1602485,1321143,180074,5259,96009
2014,2,Catamarca,39351,32442,4422,1290,2358
2014,2,Chaco,102310,84347,11497,3360,613
2014,2,Chubut,97603,80467,10968,3200,5848
2014,2,CÃ³rdoba,737107,607696,8283,2419,44162
2014,2,Corrientes,102628,84609,11533,3370,6149
2014,2,Entre RÃ­os,223774,184487,25146,7340,13407
2014,2,Formosa,42246,34829,4747,1390,2531
2014,2,Jujuy,56187,46323,6314,1840,3366
2014,2,La Pampa,72837,60049,8185,2390,4364
2014,2,La Rioja,39474,32543,4436,1300,2365
2014,2,Mendoza,320351,264109,35998,1051,19193
2014,2,Misiones,110906,91434,12463,3640,6645
2014,2,NeuquÃ©n,92792,76501,10427,3050,5559
2014,2,RÃ­o Negro,121250,99963,13625,3980,7264
2014,2,Salta,141122,116346,15858,4630,8455
2014,2,San Juan,92439,76210,10388,3030,5538
2014,2,San Luis,51093,42123,5741,1680,3061
2014,2,Santa Cruz,40728,33577,4577,1340,244
2014,2,Santa Fe,767767,632973,86275,252,45999
2014,2,Santiago del Estero,70616,58218,7935,2320,4231
2014,2,Tierra del Fuego,32631,26902,3667,1070,1955
2014,2,TucumÃ¡n,211913,174709,23813,6950,12696
2014,1,Buenos Aires,4385408,3622153,48881,14179,260266
2014,1,Capital Federal,1604914,1325588,178888,5189,95249
2014,1,Catamarca,39318,32476,4382,1270,2333
2014,1,Chaco,102435,84607,11418,3310,6079
2014,1,Chubut,97607,80618,1088,3160,5793
2014,1,CÃ³rdoba,741515,612460,82651,2397,44007
2014,1,Corrientes,102607,84748,11437,3320,609
2014,1,Entre RÃ­os,223508,184607,24913,7230,13265
2014,1,Formosa,42201,34856,4704,1360,2505
2014,1,Jujuy,55953,46214,6237,1810,3321
2014,1,La Pampa,72038,59500,803,2330,4275
2014,1,La Rioja,39625,32728,4417,1280,2352
2014,1,Mendoza,320413,264647,35714,1036,19016
2014,1,Misiones,111018,91696,12374,3590,6589
2014,1,NeuquÃ©n,92732,76593,10336,3000,5503
2014,1,RÃ­o Negro,121289,100180,13519,3920,7198
2014,1,Salta,140841,116328,15699,4550,8359
2014,1,San Juan,92461,76369,10306,2990,5487
2014,1,San Luis,51097,42205,5695,1650,3032
2014,1,Santa Cruz,40625,33555,4528,1310,2411
2014,1,Santa Fe,770361,636284,85867,2491,45719
2014,1,Santiago del Estero,70717,58409,7882,2290,4197
2014,1,Tierra del Fuego,32631,26951,3637,1060,1937
2014,1,TucumÃ¡n,210917,174209,23509,6820,12517
